#, Max. MW, RT [min], Area, Max. m/z
1, 175.9635, 0.54, 93015.16, 174.9562
2, 159.9859, 0.55, 344600.41, 158.9786
3, 273.9666, 0.55, 1616541.50, 272.9593
4, 736.1552, 0.57, 54562.55, 735.1479
5, 560.1237, 0.58, 34520.49, 559.1164
6, 334.0670, 0.58, 211965.84, 333.0597
7, 342.1165, 0.60, 340306.41, 341.1095
8, 180.0634, 0.61, 121245.65, 179.0561
9, 166.0477, 0.61, 146251.47, 165.0405
10, 196.0583, 0.61, 1556832.25, 195.0510
11, 194.0427, 0.62, 325487.69, 193.0355
12, 378.0935, 0.62, 221067.67, 377.0863
13, 538.1752, 0.62, 66752.51, 537.1680
14, 606.2009, 0.63, 16853.64, 605.1936
15, 492.1338, 0.63, 70231.61, 491.1265
16, 312.0698, 0.63, 186434.17, 311.0625
17, 560.1234, 0.63, 31833.35, 559.1161
18, 370.0756, 0.63, 54588.68, 369.0683
19, 150.0164, 0.63, 10701907.00, 149.0091
20, 468.1164, 0.63, 93660.09, 467.1091
21, 210.0377, 0.63, 148809.11, 209.0304
22, 782.2058, 0.63, 16555.23, 781.1985
23, 599.0057, 0.63, 45387.96, 149.2448
24, 394.0475, 0.64, 53427.68, 393.0403
25, 260.0204, 0.64, 93318.27, 259.0131
26, 292.0240, 0.65, 132287.16, 291.0168
27, 204.0271, 0.65, 318208.38, 205.0355
28, 275.0328, 0.65, 1085063.88, 275.0219
29, 669.9754, 0.66, 133092.66, 133.1793
30, 535.3554, 0.66, 27407.19, 133.0779
31, 134.0215, 0.66, 9492260.00, 133.0142
32, 116.0112, 0.66, 109642.17, 115.0039
33, 752.1486, 0.67, 18409.47, 751.1413
34, 767.9320, 0.68, 49892.08, 191.2231
35, 384.0545, 0.68, 68357.74, 383.0472
36, 192.0269, 0.68, 12004910.00, 191.0196
37, 671.0734, 0.68, 6020.09, 670.0661
38, 422.0105, 0.68, 191115.84, 421.0032
39, 406.0361, 0.68, 45459.26, 405.0289
40, 174.0163, 0.68, 683455.44, 173.0091
41, 296.0739, 0.70, 1008705.44, 147.0299
42, 334.0697, 0.71, 510475.63, 333.0624
43, 130.0267, 0.71, 327913.63, 129.0194
44, 330.0593, 0.71, 52036.49, 329.0520
45, 847.0982, 0.71, 13005.01, 846.0909
46, 134.0579, 0.71, 675171.00, 133.0507
47, 188.0322, 0.72, 148650.52, 187.0249
48, 617.1173, 0.72, 322707.53, 616.1101
49, 392.0057, 0.72, 994902.88, 390.9985
50, 429.9614, 0.73, 76192.79, 428.9541
51, 196.0584, 0.75, 1193229.00, 195.0511
52, 150.0165, 0.75, 7698515.00, 149.0092
53, 134.0216, 0.75, 7137399.50, 133.0144
54, 440.0867, 0.75, 284013.47, 439.0794
55, 307.0033, 0.76, 6401.40, 306.9960
56, 560.1235, 0.77, 116493.27, 559.1162
57, 322.9986, 0.77, 7582.94, 321.9913
58, 381.0040, 0.78, 1181.84, 379.9967
59, 188.0324, 0.82, 191081.75, 187.0251
60, 460.1437, 0.83, 300036.78, 459.1364
61, 332.0752, 0.83, 108411.98, 331.0679
62, 389.9901, 0.83, 161456.89, 388.9828
63, 352.0674, 0.83, 51371.31, 351.0601
64, 238.0151, 0.83, 84544.97, 237.0078
65, 392.0057, 0.84, 1037413.31, 390.9985
66, 118.0269, 0.84, 262065.67, 117.0197
67, 148.0372, 0.85, 2219806.50, 147.0299
68, 478.1332, 0.85, 27967.74, 477.1260
69, 252.0849, 0.85, 45044.94, 251.0776
70, 170.0215, 0.85, 107043.59, 169.0142
71, 383.1082, 0.85, 108932.40, 382.1009
72, 206.0428, 0.85, 189680.56, 205.0355
73, 474.1017, 0.85, 55582.51, 473.0945
74, 502.1907, 0.85, 31474.27, 501.1835
75, 360.0700, 0.86, 79136.70, 359.0627
76, 348.0868, 0.86, 55506.78, 347.0795
77, 276.1021, 0.87, 82505.70, 275.0949
78, 1234.2273, 0.87, 92136.70, 1233.2200
79, 617.1167, 0.87, 2138478.25, 616.1095
80, 220.0043, 0.87, 65463.46, 218.9970
81, 715.0868, 0.87, 133079.47, 714.0795
82, 146.0579, 0.88, 67551.20, 145.0507
83, 615.1009, 0.88, 219381.08, 614.0937
84, 370.0362, 0.88, 77722.27, 369.0289
85, 458.1068, 0.89, 90720.63, 457.0995
86, 394.0575, 0.90, 73889.61, 393.0502
87, 514.1908, 0.90, 7994.83, 514.1796
88, 369.1068, 0.90, 414388.97, 368.0995
89, 381.1642, 0.90, 48536.61, 380.1569
90, 324.1427, 0.91, 26506.88, 323.1354
91, 391.0899, 0.92, 14264.56, 391.0702
92, 148.0736, 0.92, 286490.16, 147.0664
93, 148.0373, 0.92, 667301.75, 147.0300
94, 349.1064, 0.93, 29718.75, 349.0957
95, 178.0478, 0.93, 634787.50, 177.0405
96, 434.1069, 0.94, 33099.29, 433.0996
97, 316.0799, 0.95, 1155220.13, 315.0727
98, 392.0057, 0.95, 2592381.75, 390.9984
99, 238.0514, 0.95, 142459.78, 237.0441
100, 617.1170, 0.96, 1203760.38, 616.1098
101, 206.0792, 0.96, 192480.86, 205.0719
102, 615.1010, 0.96, 228490.45, 614.0938
103, 280.1162, 0.97, 317738.97, 279.1090
104, 607.1823, 0.97, 11482.84, 607.1883
105, 219.1110, 0.98, 163777.91, 218.1037
106, 474.1017, 0.98, 79392.88, 473.0944
107, 148.0736, 1.00, 1973086.88, 147.0664
108, 231.0205, 1.00, 95493.09, 230.0132
109, 729.1593, 1.01, 41084.97, 728.1520
110, 464.1902, 1.01, 199840.20, 463.1830
111, 728.2009, 1.01, 64237.13, 727.1936
112, 434.1434, 1.02, 257059.73, 433.1361
113, 414.0885, 1.02, 103955.95, 413.0813
114, 352.0932, 1.02, 110847.45, 351.0859
115, 450.1747, 1.03, 60224.30, 449.1675
116, 632.1957, 1.03, 72825.31, 631.1884
117, 154.0631, 1.03, 134688.25, 153.0558
118, 494.1638, 1.03, 146103.63, 495.1552
119, 478.1696, 1.03, 88573.41, 477.1623
120, 596.2326, 1.03, 48947.64, 595.2253
121, 316.1164, 1.03, 1034356.50, 315.1092
122, 162.0528, 1.03, 2332625.25, 161.0456
123, 406.1483, 1.03, 52689.58, 405.1411
124, 490.1697, 1.03, 78778.95, 489.1624
125, 514.1730, 1.03, 22051.79, 513.1657
126, 595.1473, 1.04, 36969.87, 594.1400
127, 174.0529, 1.04, 123914.56, 173.0457
128, 198.0563, 1.05, 280754.44, 197.0490
129, 180.0455, 1.05, 654800.81, 179.0383
130, 415.0548, 1.05, 43355.82, 414.0476
131, 491.2055, 1.06, 41256.04, 490.1982
132, 300.0851, 1.06, 137433.42, 299.0778
133, 154.0267, 1.06, 275156.00, 153.0194
134, 583.1990, 1.07, 47431.19, 582.1917
135, 882.2027, 1.09, 13831.78, 881.1954
136, 132.0425, 1.10, 73897.70, 131.0353
137, 284.0472, 1.10, 75017.91, 283.0400
138, 372.1066, 1.11, 74709.22, 371.0993
139, 719.2223, 1.13, 24563.53, 718.2151
140, 349.1064, 1.16, 23086.29, 349.0957
141, 505.2215, 1.16, 39634.93, 504.2142
142, 1154.2661, 1.17, 14532.68, 1153.2588
143, 162.0528, 1.18, 2471928.50, 161.0455
144, 162.0528, 1.18, 2500633.00, 161.0455
145, 220.0585, 1.18, 223774.13, 219.0512
146, 174.0164, 1.18, 155659.66, 173.0091
147, 375.0854, 1.18, 855378.25, 375.0748
148, 532.1070, 1.20, 82074.42, 531.0998
149, 178.0265, 1.20, 1681218.00, 177.0192
150, 522.1953, 1.21, 41424.61, 521.1880
151, 312.0484, 1.21, 11480217.00, 311.0411
152, 958.1185, 1.21, 18266.81, 957.1113
153, 360.1428, 1.21, 19822.44, 360.1417
154, 672.1903, 1.22, 53485.21, 671.1830
155, 662.0515, 1.22, 111507.88, 661.0442
156, 989.0545, 1.22, 14303.48, 988.0472
157, 150.0164, 1.22, 4436121.50, 149.0091
158, 622.7894, 1.22, 20557.23, 311.3808
159, 310.0328, 1.22, 2893619.25, 309.0255
160, 677.0079, 1.22, 21670.35, 676.0006
161, 974.0931, 1.22, 18268.62, 973.0858
162, 935.9407, 1.23, 77012.30, 311.2935
163, 144.0423, 1.23, 1092072.00, 143.0350
164, 936.1421, 1.23, 75513.02, 935.1349
165, 646.0783, 1.23, 153493.75, 645.0710
166, 888.1740, 1.23, 81091.80, 887.1667
167, 740.1946, 1.23, 37908.45, 739.1873
168, 1202.2350, 1.23, 49250.27, 1201.2277
169, 623.9876, 1.23, 16966.06, 622.9803
170, 890.1896, 1.23, 618298.00, 889.1823
171, 622.8729, 1.23, 20749.79, 622.8569
172, 578.1429, 1.23, 464499.94, 577.1356
173, 640.0911, 1.23, 63465.94, 639.0839
174, 622.0812, 1.23, 858915.94, 621.0739
175, 722.0712, 1.23, 25963.83, 721.0639
176, 624.0966, 1.23, 5773068.00, 623.0894
177, 1872.0629, 1.23, 71297.52, 623.6670
178, 180.0422, 1.24, 3507857.25, 179.0349
179, 620.0648, 1.24, 25588.71, 619.0576
180, 622.9010, 1.24, 31931.80, 622.8880
181, 136.0525, 1.24, 367188.31, 135.0452
182, 410.0195, 1.24, 296455.81, 409.0122
183, 328.0434, 1.24, 227726.39, 327.0361
184, 754.3251, 1.24, 66836.82, 753.3178
185, 904.3193, 1.25, 186659.14, 903.3121
186, 654.1442, 1.25, 75379.98, 653.1369
187, 342.0950, 1.25, 93330.89, 341.0877
188, 564.0789, 1.26, 25423.17, 563.0717
189, 638.2782, 1.26, 56612.20, 637.2710
190, 686.1298, 1.27, 55349.21, 685.1225
191, 257.9836, 1.28, 179801.02, 256.9763
192, 207.0531, 1.29, 541861.56, 206.0458
193, 147.0320, 1.29, 96944.79, 146.0247
194, 346.1267, 1.30, 45253.11, 345.1194
195, 603.0891, 1.30, 31648.97, 602.0818
196, 291.0415, 1.31, 156011.23, 290.0342
197, 479.2387, 1.32, 21405.00, 478.2314
198, 462.1379, 1.32, 51339.91, 461.1306
199, 158.0579, 1.35, 103463.73, 157.0506
200, 492.1437, 1.35, 79005.94, 163.0400
201, 220.0584, 1.36, 2587187.25, 219.0511
202, 896.3993, 1.36, 17690.27, 895.3921
203, 488.1533, 1.37, 27728.55, 487.1460
204, 174.0164, 1.37, 326738.25, 173.0092
205, 584.3536, 1.37, 131867.98, 583.3463
206, 558.3743, 1.37, 52511.45, 557.3670
207, 228.1110, 1.38, 54846.28, 227.1037
208, 485.1106, 1.39, 83543.87, 484.1033
209, 182.0578, 1.39, 402270.44, 181.0506
210, 503.2422, 1.40, 20539.36, 502.2349
211, 331.0961, 1.40, 25294.77, 331.0843
212, 194.0614, 1.42, 149014.70, 193.0542
213, 576.2422, 1.42, 176448.53, 575.2349
214, 320.1048, 1.42, 68266.71, 319.0975
215, 616.1794, 1.43, 35454.81, 615.1721
216, 331.1747, 1.43, 46184.36, 330.1675
217, 301.1165, 1.43, 148217.63, 300.1093
218, 888.3979, 1.44, 206408.67, 887.3906
219, 542.1720, 1.44, 73566.51, 541.1648
220, 444.2002, 1.44, 2533878.75, 443.1929
221, 562.2267, 1.44, 47805.49, 561.2194
222, 798.1460, 1.44, 17961.66, 797.1387
223, 347.1698, 1.46, 35362.81, 346.1625
224, 414.1744, 1.46, 130060.80, 413.1671
225, 415.1117, 1.46, 31850.47, 414.1044
226, 358.2585, 1.47, 35768.70, 357.2512
227, 174.0529, 1.49, 243532.13, 173.0456
228, 367.1383, 1.49, 84239.79, 366.1311
229, 466.1119, 1.49, 25400.45, 465.1046
230, 359.2064, 1.50, 24426.87, 358.1991
231, 458.1796, 1.52, 47521.44, 457.1724
232, 328.1163, 1.52, 60837.99, 327.1090
233, 162.0893, 1.52, 332128.31, 161.0820
234, 866.2042, 1.54, 199081.42, 865.1969
235, 686.1307, 1.55, 72378.16, 685.1234
236, 145.0529, 1.55, 111030.30, 144.0456
237, 189.0427, 1.55, 148964.72, 188.0354
238, 202.0479, 1.55, 62053.13, 201.0406
239, 233.0902, 1.56, 101326.56, 232.0830
240, 370.0365, 1.56, 54160.04, 369.0293
241, 301.2004, 1.58, 28301.48, 300.1932
242, 286.1055, 1.60, 127737.16, 285.0982
243, 616.1793, 1.62, 54822.30, 615.1721
244, 621.1633, 1.63, 23183.15, 620.1560
245, 138.0318, 1.63, 65054.02, 137.0245
246, 300.0849, 1.63, 321864.22, 299.0776
247, 366.1434, 1.63, 45867.39, 365.1361
248, 428.2639, 1.66, 221881.77, 427.2567
249, 590.1635, 1.66, 34961.63, 589.1562
250, 866.2034, 1.67, 109352.31, 865.1962
251, 466.1115, 1.68, 96890.77, 465.1042
252, 718.3411, 1.68, 41511.68, 717.3338
253, 424.1374, 1.68, 64485.21, 423.1301
254, 326.0561, 1.68, 105109.77, 325.0488
255, 380.1110, 1.68, 97358.55, 379.1038
256, 408.1061, 1.68, 74166.22, 407.0989
257, 580.1582, 1.68, 154310.89, 579.1510
258, 510.1774, 1.68, 332046.41, 509.1702
259, 290.0786, 1.68, 2221283.50, 289.0719
260, 388.0540, 1.68, 27409.38, 387.0468
261, 418.1480, 1.69, 187815.19, 417.1407
262, 623.2611, 1.69, 20785.35, 622.2538
263, 470.1219, 1.71, 45378.81, 469.1146
264, 447.0840, 1.71, 106359.73, 446.0768
265, 344.1112, 1.72, 85261.60, 343.1039
266, 292.0224, 1.75, 44915.16, 291.0152
267, 586.1327, 1.75, 25259.16, 585.1254
268, 490.2280, 1.75, 21394.88, 489.2208
269, 730.2676, 1.77, 35739.50, 729.2603
270, 980.3135, 1.78, 135657.66, 979.3062
271, 394.0250, 1.78, 70989.84, 393.0177
272, 630.0619, 1.79, 33784.49, 629.0546
273, 941.0691, 1.79, 20672.25, 940.0618
274, 295.3855, 1.79, 23601.59, 295.3769
275, 150.0164, 1.79, 3017817.50, 149.0092
276, 1181.6900, 1.79, 34168.18, 294.9102
277, 1483.0666, 1.79, 34395.75, 295.6060
278, 296.2306, 1.79, 108703.93, 295.2233
279, 910.1357, 1.79, 25140.79, 909.1284
280, 592.1068, 1.79, 1591398.88, 591.0995
281, 926.1092, 1.79, 17849.72, 925.1019
282, 645.0176, 1.79, 30285.16, 644.0103
283, 591.3064, 1.79, 28904.83, 295.1378
284, 296.0535, 1.79, 14787986.00, 295.0462
285, 590.8708, 1.80, 179488.17, 295.4424
286, 295.5433, 1.80, 22398.55, 294.5360
287, 614.0885, 1.80, 140859.59, 613.0812
288, 591.0561, 1.80, 45180.13, 295.0176
289, 887.8929, 1.80, 121447.73, 295.2956
290, 394.9704, 1.80, 17301.32, 394.9715
291, 164.0473, 1.80, 3116949.75, 163.0400
292, 846.3147, 1.82, 124079.70, 845.3074
293, 596.2689, 1.82, 88907.26, 595.2616
294, 452.2265, 1.83, 117248.80, 451.2192
295, 130.0268, 1.85, 230857.81, 129.0195
296, 578.1428, 1.88, 25727.95, 577.1355
297, 326.1006, 1.90, 812490.69, 325.0934
298, 645.1476, 1.90, 87490.60, 644.1404
299, 294.1318, 1.90, 540130.63, 293.1245
300, 620.2314, 1.91, 34626.79, 619.2241
301, 652.2008, 1.92, 27165.31, 651.1935
302, 470.2004, 1.92, 63725.98, 469.1931
303, 175.8027, 1.93, 17443.36, 174.7954
304, 351.4725, 1.93, 21762.51, 174.7290
305, 132.0787, 1.93, 129616.77, 131.0715
306, 175.8917, 1.93, 9618.13, 174.8845
307, 502.1691, 1.93, 60808.71, 501.1618
308, 175.7724, 1.93, 22564.21, 174.7651
309, 158.0579, 1.93, 400914.47, 157.0506
310, 176.2052, 1.94, 209410.09, 175.1980
311, 175.7956, 1.94, 21092.54, 174.7883
312, 176.0684, 1.94, 23325424.00, 175.0611
313, 880.1662, 1.94, 81412.16, 175.0260
314, 374.1195, 1.94, 136188.19, 373.1122
315, 351.1439, 1.96, 86128.50, 351.1304
316, 324.1425, 1.97, 71528.58, 323.1352
317, 672.4168, 2.03, 23989.16, 671.4095
318, 578.1427, 2.05, 250310.27, 577.1355
319, 190.0840, 2.07, 80228.33, 189.0768
320, 450.2099, 2.07, 24062.12, 450.2016
321, 482.1066, 2.08, 23197.73, 481.0993
322, 294.1319, 2.12, 384206.16, 293.1246
323, 344.2063, 2.15, 98502.59, 343.1990
324, 234.0741, 2.15, 152288.41, 233.0668
325, 392.1320, 2.15, 52823.82, 391.1247
326, 472.1143, 2.15, 89089.24, 471.1070
327, 436.1374, 2.15, 421199.63, 435.1301
328, 526.1689, 2.16, 51675.56, 525.1616
329, 570.1946, 2.16, 30894.06, 569.1873
330, 454.1612, 2.16, 29097.43, 453.1539
331, 508.2156, 2.16, 52799.14, 507.2084
332, 162.0893, 2.16, 149542.48, 161.0820
333, 464.1898, 2.16, 209924.58, 463.1825
334, 383.1222, 2.16, 109217.98, 382.1149
335, 430.2798, 2.19, 114015.33, 429.2725
336, 416.1458, 2.19, 41629.72, 415.1385
337, 426.1745, 2.20, 283682.72, 425.1672
338, 178.0267, 2.20, 96717.10, 177.0195
339, 762.2004, 2.20, 12289.80, 761.1931
340, 668.1218, 2.24, 16612.73, 667.1145
341, 650.1119, 2.24, 112835.07, 651.1200
342, 438.1300, 2.24, 54887.68, 437.1228
343, 194.0580, 2.24, 827469.13, 193.0507
344, 326.0642, 2.24, 3714065.25, 325.0570
345, 150.0166, 2.25, 141426.55, 149.0093
346, 358.0905, 2.26, 90910.80, 357.0833
347, 135.0448, 2.27, 93444.65, 135.0453
348, 180.0423, 2.28, 326463.06, 179.0350
349, 326.1005, 2.28, 243032.98, 325.0933
350, 428.1887, 2.29, 94289.39, 427.1815
351, 334.0328, 2.29, 41224.35, 333.0255
352, 290.0429, 2.29, 39038.81, 289.0356
353, 361.1162, 2.32, 71496.84, 360.1089
354, 432.1632, 2.32, 19449.49, 431.1560
355, 586.2468, 2.33, 51546.01, 585.2395
356, 166.0266, 2.35, 462512.53, 165.0193
357, 356.1112, 2.35, 283597.13, 355.1039
358, 431.1582, 2.39, 27579.73, 431.1562
359, 486.1854, 2.40, 273108.59, 485.1781
360, 260.0800, 2.40, 53415.26, 259.0727
361, 146.0580, 2.40, 151057.66, 145.0507
362, 344.2065, 2.42, 58139.14, 343.1992
363, 558.3749, 2.43, 20499.26, 557.3676
364, 290.0794, 2.43, 726704.13, 289.0721
365, 430.2435, 2.44, 114972.93, 429.2362
366, 548.2110, 2.44, 118142.32, 547.2037
367, 1110.5630, 2.44, 69599.86, 1109.5557
368, 424.1951, 2.44, 268806.56, 423.1878
369, 438.1299, 2.45, 259218.72, 437.1226
370, 448.1588, 2.45, 1478838.00, 447.1515
371, 520.1802, 2.45, 166986.80, 519.1729
372, 492.1849, 2.45, 304588.28, 491.1776
373, 490.1690, 2.45, 33419.11, 489.1617
374, 536.2108, 2.45, 86017.11, 535.2035
375, 230.1058, 2.47, 430499.69, 229.0985
376, 443.2753, 2.48, 25317.72, 442.2680
377, 328.1163, 2.48, 141018.92, 327.1091
378, 287.1849, 2.49, 73632.31, 286.1776
379, 430.1486, 2.50, 11170.96, 429.1413
380, 242.1269, 2.50, 65841.36, 241.1196
381, 640.2363, 2.51, 34486.15, 639.2291
382, 522.2107, 2.51, 244267.92, 521.2035
383, 628.2363, 2.51, 44552.74, 627.2290
384, 774.3151, 2.52, 121233.70, 773.3078
385, 450.1168, 2.52, 235652.28, 449.1096
386, 416.2272, 2.53, 26862.69, 415.2199
387, 608.2676, 2.54, 119327.32, 607.2603
388, 520.2520, 2.54, 69222.53, 519.2453
389, 554.2134, 2.55, 66687.41, 553.2061
390, 564.2422, 2.55, 318391.44, 563.2350
391, 586.2270, 2.55, 22514.08, 585.2198
392, 430.2205, 2.56, 800238.00, 429.2135
393, 466.1116, 2.56, 184328.98, 465.1043
394, 590.3433, 2.56, 48678.95, 589.3360
395, 628.2395, 2.57, 27015.46, 627.2322
396, 504.2212, 2.58, 105268.01, 503.2139
397, 432.2002, 2.58, 1353107.63, 431.1930
398, 633.3485, 2.58, 9622.21, 632.3412
399, 390.1318, 2.59, 70225.23, 389.1245
400, 544.2523, 2.59, 151941.56, 543.2451
401, 462.1742, 2.60, 48650.02, 461.1669
402, 158.0578, 2.60, 1232361.38, 157.0506
403, 640.1278, 2.61, 40611.25, 639.1205
404, 614.1639, 2.61, 41707.57, 613.1566
405, 364.1737, 2.62, 164712.02, 363.1664
406, 578.2579, 2.63, 50776.89, 577.2506
407, 633.3491, 2.63, 4605.57, 633.3587
408, 567.2587, 2.64, 753.86, 567.2587
409, 424.1950, 2.65, 149815.02, 423.1877
410, 572.3176, 2.65, 91058.39, 571.3103
411, 626.1490, 2.66, 219089.50, 625.1417
412, 242.1270, 2.66, 62428.60, 241.1197
413, 517.3019, 2.67, 39576.19, 516.2947
414, 330.0954, 2.67, 52502.84, 329.0881
415, 577.3117, 2.67, 120803.73, 576.3044
416, 472.2161, 2.67, 104736.90, 471.2089
417, 902.4706, 2.69, 30926.91, 901.4634
418, 805.4336, 2.69, 13211.71, 804.4263
419, 202.0478, 2.69, 81804.52, 201.0405
420, 529.3109, 2.70, 39398.64, 528.3037
421, 132.0788, 2.71, 118880.19, 131.0715
422, 472.1522, 2.72, 184271.02, 471.1454
423, 329.2317, 2.72, 37620.94, 328.2244
424, 612.2631, 2.73, 489242.34, 611.2558
425, 598.1688, 2.73, 105802.77, 597.1615
426, 485.1532, 2.74, 64638.05, 484.1459
427, 367.1268, 2.74, 1700302.63, 366.1195
428, 436.1008, 2.75, 173239.81, 435.0936
429, 478.2414, 2.75, 191490.38, 477.2341
430, 434.2155, 2.75, 580454.44, 433.2082
431, 506.2365, 2.75, 44186.85, 505.2292
432, 424.1854, 2.75, 67418.11, 423.1781
433, 404.1684, 2.76, 236874.67, 403.1612
434, 483.3055, 2.76, 19338.98, 482.2983
435, 520.2885, 2.76, 161252.67, 519.2812
436, 132.0787, 2.77, 434339.53, 131.0714
437, 442.2047, 2.77, 39176.55, 441.1974
438, 658.2471, 2.78, 88999.00, 657.2398
439, 586.2264, 2.78, 344288.22, 585.2191
440, 366.1894, 2.78, 29713.16, 365.1821
441, 630.2528, 2.78, 56044.45, 629.2455
442, 578.2577, 2.79, 38032.65, 577.2504
443, 207.0896, 2.79, 61600.37, 206.0823
444, 524.2113, 2.80, 91481.34, 523.2040
445, 466.1115, 2.80, 79096.84, 465.1042
446, 537.2441, 2.81, 91057.97, 536.2369
447, 462.1744, 2.82, 805122.88, 461.1671
448, 567.2547, 2.83, 103611.34, 566.2474
449, 610.1537, 2.83, 322144.03, 609.1464
450, 348.1247, 2.84, 309310.34, 347.1174
451, 253.0588, 2.84, 106124.18, 252.0515
452, 302.0065, 2.84, 173582.02, 300.9993
453, 480.2216, 2.84, 25926.16, 479.2144
454, 392.1686, 2.85, 322435.94, 391.1613
455, 428.2633, 2.85, 14391.66, 427.2560
456, 130.0630, 2.87, 135627.98, 129.0557
457, 190.0839, 2.87, 3220419.25, 189.0766
458, 378.1893, 2.88, 106495.87, 377.1820
459, 654.1796, 2.88, 181520.23, 653.1723
460, 476.1897, 2.89, 113214.09, 475.1824
461, 478.0751, 2.90, 3153124.50, 477.0679
462, 512.2463, 2.90, 34681.26, 511.2391
463, 476.0592, 2.90, 32223.29, 475.0519
464, 428.2050, 2.91, 81401.30, 427.1977
465, 500.0641, 2.91, 55039.67, 499.0568
466, 942.1681, 2.91, 1235595.25, 941.1609
467, 928.1892, 2.92, 522043.88, 927.1819
468, 464.0958, 2.92, 3014153.75, 463.0886
469, 582.1223, 2.92, 133163.39, 581.1150
470, 598.1534, 2.92, 29625.13, 597.1461
471, 914.3023, 2.93, 25882.07, 913.2950
472, 870.2763, 2.94, 14343.58, 869.2691
473, 694.2104, 2.94, 148775.77, 693.2031
474, 244.0947, 2.94, 386568.84, 243.0874
475, 780.3641, 2.95, 28402.67, 779.3569
476, 794.1679, 2.95, 55696.28, 793.1607
477, 420.1779, 2.96, 84582.62, 209.0820
478, 450.2108, 2.97, 483603.84, 449.2035
479, 553.2538, 2.97, 49481.66, 552.2465
480, 490.2795, 2.99, 154888.89, 489.2722
481, 687.2634, 2.99, 51984.47, 686.2562
482, 434.0852, 3.00, 86412.98, 433.0779
483, 694.2094, 3.00, 23882.41, 693.2022
484, 568.1427, 3.00, 237459.95, 567.1354
485, 540.1477, 3.00, 78600.80, 539.1405
486, 584.1738, 3.00, 107010.64, 583.1665
487, 486.0930, 3.01, 166625.98, 485.0857
488, 186.1254, 3.01, 660231.44, 185.1181
489, 680.2311, 3.01, 1151941.25, 679.2238
490, 230.1152, 3.01, 2190024.50, 229.1080
491, 616.1789, 3.01, 654185.19, 615.1716
492, 148.0523, 3.02, 313036.84, 147.0450
493, 166.0628, 3.02, 1265651.13, 165.0555
494, 436.2314, 3.02, 86061.05, 435.2241
495, 660.3321, 3.04, 113076.74, 659.3248
496, 448.1008, 3.04, 344605.53, 447.0936
497, 448.1008, 3.05, 3297866.50, 449.1090
498, 570.2310, 3.05, 57029.62, 569.2237
499, 1036.3445, 3.05, 11492.08, 1035.3372
500, 472.1947, 3.08, 263594.31, 471.1875
501, 462.1662, 3.08, 61820.86, 461.1589
502, 431.1874, 3.08, 17023.65, 430.1801
503, 562.2625, 3.09, 226729.42, 561.2552
504, 170.0213, 3.09, 98518.21, 169.0140
505, 594.2520, 3.09, 94357.09, 593.2447
506, 896.1989, 3.09, 255032.48, 895.1916
507, 430.2203, 3.10, 164755.19, 429.2131
508, 656.3276, 3.11, 136444.47, 655.3203
509, 574.2404, 3.11, 18927.65, 573.2331
510, 484.0773, 3.12, 18655.24, 483.0700
511, 567.2691, 3.12, 59422.80, 566.2618
512, 510.2294, 3.12, 313204.00, 509.2242
513, 582.2519, 3.13, 20077.61, 581.2446
514, 554.2572, 3.13, 27808.55, 553.2499
515, 478.1116, 3.13, 151770.06, 477.1043
516, 794.1683, 3.15, 201287.28, 793.1610
517, 340.0795, 3.15, 62857.04, 339.0722
518, 452.1111, 3.15, 97376.52, 451.1038
519, 358.1265, 3.17, 108785.45, 359.1160
520, 568.2155, 3.17, 245328.75, 567.2082
521, 416.2050, 3.18, 468525.13, 415.1977
522, 508.2880, 3.18, 103611.38, 507.2810
523, 346.1266, 3.19, 26900.72, 345.1193
524, 456.2206, 3.19, 171936.56, 455.2134
525, 780.1890, 3.19, 167262.84, 779.1817
526, 168.0421, 3.20, 200076.27, 167.0348
527, 434.1216, 3.20, 861637.31, 433.1143
528, 568.1777, 3.20, 36126.61, 567.1704
529, 242.1156, 3.24, 52593.63, 241.1083
530, 390.1317, 3.24, 858941.69, 389.1245
531, 288.1574, 3.24, 208245.02, 287.1501
532, 418.2206, 3.27, 148256.81, 417.2133
533, 386.1580, 3.30, 130089.46, 385.1507
534, 436.1371, 3.31, 68583.41, 435.1298
535, 244.1311, 3.31, 190776.00, 243.1239
536, 188.1049, 3.34, 119966.94, 187.0976
537, 1266.9825, 3.38, 79747.57, 1265.9752
538, 470.2369, 3.51, 219781.94, 469.2296
539, 138.0319, 3.53, 112129.31, 137.0246
540, 420.0697, 3.66, 171281.48, 419.0625
541, 302.0428, 3.66, 1103273.25, 301.0356
542, 300.0271, 3.66, 44750.11, 299.0199
543, 276.1210, 3.69, 61710.41, 275.1138
544, 495.2398, 3.74, 59369.12, 495.2435
545, 508.2153, 3.76, 178215.38, 507.2081
546, 186.0891, 3.78, 120898.48, 185.0818
547, 213.1364, 3.79, 105546.69, 212.1291
548, 496.2518, 3.81, 32933.55, 495.2445
549, 294.1104, 3.93, 66308.87, 293.1031
550, 477.1787, 3.94, 37538.71, 476.1714
551, 328.2252, 4.00, 273550.06, 327.2179
552, 330.2407, 4.18, 272245.94, 329.2334
553, 376.1924, 4.34, 64324.41, 375.1851
554, 328.2251, 4.36, 104477.85, 327.2178
555, 214.1203, 4.50, 305594.59, 213.1130
556, 252.0998, 4.52, 65322.48, 251.0925
557, 194.0943, 4.58, 73949.23, 193.0870
558, 188.1412, 4.59, 441062.69, 187.1339
559, 241.1679, 4.60, 86600.66, 240.1606
560, 312.1765, 4.75, 1241662.50, 311.1692
561, 144.1149, 4.86, 95873.05, 143.1076
562, 196.1098, 4.88, 183928.36, 195.1025
563, 326.1916, 4.89, 1815942.00, 325.1844
564, 170.1306, 5.21, 128377.57, 169.1233
565, 172.1461, 5.63, 144480.34, 171.1388
566, 298.1603, 6.00, 590163.13, 297.1530
567, 266.1553, 6.06, 593978.44, 265.1480
568, 298.1604, 6.25, 337510.22, 297.1531
569, 228.2087, 6.89, 110833.56, 227.2014
570, 328.1341, 6.89, 120539.34, 327.1268
571, 376.2825, 7.05, 37113.23, 375.2752
572, 366.2534, 7.05, 53624.14, 365.2462
573, 134.0578, 7.12, 593204.00, 133.0505
574, 366.2536, 7.15, 70973.46, 365.2463
575, 376.2823, 7.15, 68749.17, 375.2750
576, 399.2409, 7.18, 53760.78, 398.2336
577, 134.0578, 7.20, 998693.13, 133.0505
578, 312.1759, 7.38, 314805.53, 311.1686
579, 256.2401, 7.39, 120874.04, 255.2328
580, 356.1654, 7.39, 501596.41, 355.1581
581, 310.1815, 7.44, 126201.49, 309.1742
582, 404.3142, 7.63, 151453.16, 403.3070
583, 394.2855, 7.63, 42966.86, 393.2782
584, 312.1761, 7.72, 275097.72, 311.1689
585, 410.3186, 7.83, 281420.34, 409.3114
586, 284.2717, 7.89, 198899.34, 283.2644
587, 384.1968, 7.89, 86057.73, 383.1896
588, 352.2591, 7.90, 46101.86, 351.2518
589, 354.2079, 8.14, 47566.12, 353.2006
590, 326.1919, 8.39, 557001.19, 325.1846
591, 294.1868, 8.54, 562023.06, 293.1795
592, 326.1920, 9.00, 244111.52, 325.1847
593, 340.2075, 9.59, 118709.68, 339.2002
594, 699.9408, 9.64, 19247.14, 698.9336
